Date,Open,High,Low,Close,Adj Close,Volume,New Price
2/1/2020,4.15,4.15,4.15,4.15,3.093245,0,1
3/1/2020,4.21,4.21,4.21,4.21,3.137967,100,0
6/1/2020,4.21,4.21,4.21,4.21,3.137967,0,1
7/1/2020,4.23,4.23,4.23,4.23,3.152874,2600,0
8/1/2020,4.11,4.11,4.11,4.11,3.06343,300,0
9/1/2020,4.11,4.11,4.11,4.11,3.06343,0,1
10/1/2020,4.27,4.27,4.22,4.22,3.14542,1900,1
13/1/2020,4.3,4.3,4.3,4.3,3.205049,3200,0
14/1/2020,4.3,4.3,4.3,4.3,3.205049,0,0
15/1/2020,4.3,4.3,4.3,4.3,3.205049,0,0
16/1/2020,4.3,4.3,4.3,4.3,3.205049,0,0
17/1/2020,4.3,4.3,4.3,4.3,3.205049,0,0
21/1/2020,4.28,4.28,4.28,4.28,3.190142,1800,0
22/1/2020,4.28,4.28,4.28,4.28,3.190142,0,0
23/1/2020,4.28,4.28,4.28,4.28,3.190142,0,0
24/1/2020,4.2,4.2,4.2,4.2,3.130513,300,0
27/1/2020,4.2,4.2,4.2,4.2,3.130513,0,1
28/1/2020,4.19,4.23,4.19,4.22,3.14542,72400,1
29/1/2020,4.26,4.26,4.25,4.25,3.167781,1000,0
30/1/2020,4.25,4.25,4.25,4.25,3.167781,0,0
31/1/2020,4.22,4.22,4,4,2.981441,900,1
3/2/2020,4.08,4.12,4.08,4.12,3.070884,600,1
4/2/2020,4.07,4.24,4.07,4.24,3.160327,1000,0
5/2/2020,4.12,4.17,4.12,4.17,3.108152,900,0
6/2/2020,4.17,4.17,4.17,4.17,3.108152,0,1
7/2/2020,4.18,4.22,4.18,4.22,3.14542,300,0
10/2/2020,4.22,4.22,4.22,4.22,3.14542,0,1
11/2/2020,4.22,4.23,4.22,4.23,3.152874,700,0
12/2/2020,4.23,4.23,4.23,4.23,3.152874,0,0
13/2/2020,4.23,4.23,4.23,4.23,3.152874,0,0
14/2/2020,4.23,4.23,4.23,4.23,3.152874,0,0
18/2/2020,4.23,4.23,4.23,4.23,3.152874,0,0
19/2/2020,4.23,4.23,4.23,4.23,3.152874,0,0
20/2/2020,4.03,4.03,4.03,4.03,3.003801,200,0
21/2/2020,4.04,4.05,4,4,2.981441,2900,0
24/2/2020,3.93,3.97,3.7,3.92,2.921812,2700,1
25/2/2020,3.89,3.98,3.89,3.98,2.966533,400,0
26/2/2020,3.94,3.94,3.94,3.94,2.936719,200,0
27/2/2020,3.86,3.91,3.86,3.91,2.914358,400,1
28/2/2020,3.98,3.98,3.98,3.98,2.966533,500,0
2/3/2020,3.84,3.84,3.84,3.84,2.862183,500,1
3/3/2020,3.87,3.88,3.87,3.88,2.891997,400,1
4/3/2020,4.12,4.12,4.01,4.01,2.988894,600,1
5/3/2020,4.23,4.24,4.11,4.11,3.06343,13400,0
6/3/2020,4.11,4.11,4.11,4.11,3.06343,0,0
9/3/2020,3.81,3.81,3.6,3.6,2.683296,600,1
10/3/2020,3.69,3.99,3.69,3.99,2.973987,2100,0
11/3/2020,3.86,3.86,3.67,3.67,2.735472,400,0
12/3/2020,3.67,3.67,3.67,3.67,2.735472,0,0
13/3/2020,3.58,3.58,3.53,3.58,2.66839,9400,0
16/3/2020,3.17,3.56,3.17,3.56,2.653482,600,0
17/3/2020,3,3,3,3,2.236081,300,0
18/3/2020,3.38,3.38,3,3,2.236081,500,1
19/3/2020,2.92,3.14,2.92,3.14,2.340431,600,0
20/3/2020,3.43,3.43,3.08,3.08,2.295709,32700,0
23/3/2020,2.89,3.07,2.89,2.94,2.191359,12000,1
24/3/2020,3.25,3.6,3.14,3.14,2.340431,19400,1
25/3/2020,3.16,3.21,3.16,3.16,2.355338,5000,0
26/3/2020,3.16,3.16,3.16,3.16,2.355338,1100,1
27/3/2020,3.21,3.38,3.21,3.38,2.519318,1300,1
30/3/2020,3.46,3.49,3.38,3.49,2.601307,31400,1
31/3/2020,3.62,3.62,3.62,3.62,2.698204,1200,0
1/4/2020,3.62,3.62,3.62,3.62,2.698204,0,0
2/4/2020,3.62,3.62,3.62,3.62,2.698204,0,0
3/4/2020,3.57,3.57,3.24,3.24,2.414967,56600,0
6/4/2020,3.24,3.24,3.24,3.24,2.414967,0,1
7/4/2020,3.73,3.73,3.73,3.73,2.780194,100,0
8/4/2020,3.73,3.73,3.73,3.73,2.780194,0,0
9/4/2020,3.24,3.59,3.18,3.19,2.377699,53200,1
13/4/2020,3.64,3.64,3.36,3.5,2.608761,8700,1
14/4/2020,3.85,3.85,3.85,3.85,2.869637,200,0
15/4/2020,3.63,3.63,3.49,3.49,2.601307,700,1
16/4/2020,3.61,3.61,3.41,3.47,2.72705,1200,0
17/4/2020,3.47,3.47,3.47,3.47,2.72705,0,1
20/4/2020,3.59,3.6,3.59,3.6,2.829216,4000,0
21/4/2020,3.6,3.6,3.6,3.6,2.829216,0,0
22/4/2020,3.6,3.6,3.6,3.6,2.829216,0,0
23/4/2020,3.6,3.6,3.6,3.6,2.829216,0,0
24/4/2020,3.6,3.6,3.6,3.6,2.829216,0,0
27/4/2020,3.36,3.36,3.25,3.26,2.562012,140200,0
28/4/2020,3.26,3.26,3.26,3.26,2.562012,0,1
29/4/2020,3.49,3.49,3.49,3.49,2.742768,100,0
30/4/2020,3.46,3.46,3.46,3.46,2.719191,400,1
1/5/2020,3.37,3.49,3.27,3.49,2.742768,3100,0
4/5/2020,3.58,3.58,3.25,3.3,2.593448,19100,1
5/5/2020,3.28,3.7,3.23,3.5,2.750627,19900,1
6/5/2020,3.53,3.6,3.53,3.6,2.829216,900,0
7/5/2020,3.6,3.6,3.6,3.6,2.829216,15200,0
8/5/2020,3.6,3.6,3.6,3.6,2.829216,0,0
11/5/2020,3.31,3.53,3.21,3.21,2.522718,18200,0
12/5/2020,3.15,3.15,3.15,3.15,2.475564,200,1
13/5/2020,3.56,3.58,3.56,3.58,2.813498,27100,0
14/5/2020,3.6,3.6,3.11,3.11,2.444128,1100,1
15/5/2020,3.33,3.33,3.33,3.33,2.617025,200,0
18/5/2020,3.33,3.33,3.33,3.33,2.617025,0,1
19/5/2020,3.4,3.4,3.4,3.4,2.672038,200,1
20/5/2020,3.49,3.54,3.44,3.44,2.703473,5300,0
21/5/2020,3.44,3.44,3.44,3.44,2.703473,0,0
22/5/2020,3.44,3.44,3.44,3.44,2.703473,0,0
26/5/2020,3.44,3.44,3.44,3.44,2.703473,0,0
27/5/2020,3.44,3.44,3.44,3.44,2.703473,0,0
28/5/2020,3.44,3.44,3.44,3.44,2.703473,0,0
29/5/2020,3.44,3.44,3.44,3.44,2.703473,0,1
1/6/2020,3.55,3.55,3.55,3.55,2.789921,200,0
2/6/2020,3.55,3.55,3.55,3.55,2.789921,0,1
3/6/2020,3.87,3.93,3.87,3.93,3.088561,600,0
4/6/2020,3.93,3.93,3.93,3.93,3.088561,0,1
5/6/2020,3.99,3.99,3.99,3.99,3.135715,1000,1
8/6/2020,3.84,4.04,3.84,4.04,3.175009,300,0
9/6/2020,4.04,4.04,4.04,4.04,3.175009,0,0
10/6/2020,3.61,3.61,3.51,3.51,2.758486,300000,0
11/6/2020,3.51,3.51,3.51,3.51,2.758486,185200,0
12/6/2020,3.51,3.51,3.51,3.51,2.758486,0,0
15/6/2020,3.62,3.67,3.42,3.48,2.734909,2600,0
16/6/2020,3.46,3.46,3.46,3.46,2.719191,200,1
17/6/2020,3.55,3.55,3.55,3.55,2.789921,400,1
18/6/2020,3.55,3.69,3.55,3.69,2.899946,204400,1
19/6/2020,4.08,4.08,3.95,4,3.143573,3100,1
22/6/2020,4.14,4.14,4.14,4.14,3.253598,500,0
23/6/2020,3.58,4.23,3.58,3.67,2.884229,6700,1
24/6/2020,3.77,7,3.63,5.3,4.165235,10000,1
25/6/2020,3.86,7.74,3.86,5.78,4.542464,132200,0
26/6/2020,3.96,4.63,3.96,4.28,3.363624,1600,1
29/6/2020,4.78,4.78,4.53,4.53,3.560097,1400,1
30/6/2020,4.68,4.96,4.68,4.96,3.898031,400,1
1/7/2020,4.79,4.99,4.79,4.99,3.921608,500,0
2/7/2020,3.75,5,3.75,4.8,3.772288,2000,1
6/7/2020,3.16,5.5,3.16,5.5,4.322413,9800,0
7/7/2020,4.42,4.42,4.42,4.42,3.473649,200,1
8/7/2020,4.3,5.4,4.29,5.4,4.243824,1500,0
9/7/2020,4.85,5,4.28,4.86,3.819442,2700,0
10/7/2020,4.86,4.86,4.86,4.86,3.819442,0,0
13/7/2020,4.86,4.86,4.86,4.86,3.819442,0,0
14/7/2020,4.35,4.35,4.35,4.35,3.418636,200,0
15/7/2020,4.35,4.35,4.25,4.25,3.340047,500,0
16/7/2020,3.75,4.2,3.75,4.2,3.300752,1800,0
17/7/2020,4.4,4.4,3.72,3.72,2.923523,600,1
20/7/2020,4.35,5.2,4.35,5.2,4.086645,900,0
21/7/2020,4.13,4.13,4.13,4.13,3.24574,200,0
22/7/2020,3.11,3.11,3.11,3.11,2.444128,6100,0
23/7/2020,3.11,3.11,3.11,3.11,2.444128,0,1
24/7/2020,4.25,4.25,3.6,3.7,2.907805,700,0
27/7/2020,3.7,3.7,3.7,3.7,2.907805,0,0
28/7/2020,3.7,3.7,3.7,3.7,2.907805,0,0
29/7/2020,3.7,3.7,3.7,3.7,2.907805,0,0
30/7/2020,3.7,3.7,3.7,3.7,2.907805,0,1
31/7/2020,4.25,4.25,4.25,4.25,3.340047,100,0
3/8/2020,4.25,4.25,3.79,4.05,3.182868,3300,0
4/8/2020,3.99,3.99,3.99,3.99,3.135715,0,0
5/8/2020,3.4,3.98,3.4,3.98,3.127856,27900,0
6/8/2020,3.97,3.97,3.59,3.81,2.994253,2700,0
7/8/2020,3.81,3.81,3.81,3.81,2.994253,0,0
10/8/2020,3.81,3.81,3.81,3.81,2.994253,0,0
11/8/2020,3.59,3.59,3.57,3.57,2.805639,5400,1
12/8/2020,3.7,3.7,3.3,3.7,2.907805,17300,1
13/8/2020,4.19,4.19,4.19,4.19,3.292893,200,0
14/8/2020,3.5,3.5,3.5,3.5,2.750627,200,1
17/8/2020,4.13,4.13,3.72,3.72,2.923523,2800,0
18/8/2020,3.72,3.72,3.72,3.72,2.923523,100,0
19/8/2020,3.72,3.72,3.72,3.72,2.923523,0,0
20/8/2020,3.73,3.73,3.51,3.51,2.758486,3800,0
21/8/2020,3.51,3.51,3.51,3.51,2.758486,0,0
24/8/2020,3.49,3.49,3.29,3.29,2.585589,4700,1
25/8/2020,3.31,4.14,3.31,4.14,3.253598,3300,0
26/8/2020,4.14,4.14,4.14,4.14,3.253598,0,1
27/8/2020,3.95,5.5,3.95,5.27,4.141658,3700,0
28/8/2020,5.27,5.27,5.27,5.27,4.141658,0,0
31/8/2020,5.27,5.27,5.27,5.27,4.141658,0,0
1/9/2020,5.27,5.27,5.27,5.27,4.141658,0,0
2/9/2020,3.45,3.45,3.24,3.24,2.546294,3100,1
3/9/2020,3.64,3.65,3.64,3.65,2.868511,300,0
4/9/2020,3.65,3.65,3.65,3.65,2.868511,0,0
8/9/2020,3.65,3.65,3.65,3.65,2.868511,0,1
9/9/2020,3.89,3.89,3.89,3.89,3.057125,200,0
10/9/2020,3.89,3.89,3.89,3.89,3.057125,0,0
11/9/2020,3.32,3.99,3.12,3.15,2.475564,3000,0
14/9/2020,3.12,3.13,3.12,3.13,2.459846,2300,0
15/9/2020,3.13,3.13,3.13,3.13,2.459846,0,0
16/9/2020,3.13,3.13,3.13,3.13,2.459846,0,1
17/9/2020,3.75,3.75,3.75,3.75,2.9471,43700,0
18/9/2020,3.7,3.7,3.7,3.7,2.907805,1100,0
21/9/2020,3.7,3.7,3.7,3.7,2.907805,100,0
22/9/2020,3.36,3.36,3.36,3.36,2.640602,300,0
23/9/2020,3.36,3.36,3.36,3.36,2.640602,0,0
24/9/2020,3.36,3.36,3.36,3.36,2.640602,0,0
25/9/2020,3.36,3.36,3.36,3.36,2.640602,0,1
28/9/2020,3.39,3.39,3.39,3.39,2.664178,200,1
29/9/2020,3.38,3.98,3.38,3.61,2.837075,1800,1
30/9/2020,4.18,4.18,3.97,3.97,3.119997,400,0
1/10/2020,3.97,3.97,3.97,3.97,3.119997,0,0
2/10/2020,3.61,3.61,3.41,3.41,2.679896,300,0
5/10/2020,3.54,3.54,3.39,3.41,2.679896,600,1
6/10/2020,4.13,4.13,4.13,4.13,3.24574,300,0
7/10/2020,4.11,4.11,4.08,4.08,3.206445,6800,0
8/10/2020,4.08,4.08,4.08,4.08,3.206445,0,0
9/10/2020,4.08,4.08,4.08,4.08,3.206445,0,0
12/10/2020,3.55,3.72,3.55,3.72,2.923523,500,1
13/10/2020,3.38,3.96,3.38,3.96,3.112138,1400,0
14/10/2020,3.96,3.96,3.96,3.96,3.112138,0,0
15/10/2020,3.58,3.58,3.4,3.4,2.672038,300,0
16/10/2020,3.4,3.4,3.4,3.4,2.672038,0,1
19/10/2020,3.5,3.5,3.5,3.5,2.750627,100,0
20/10/2020,3.5,3.5,3.5,3.5,2.750627,100,0
21/10/2020,3.45,3.45,3.45,3.45,2.711332,800,0
22/10/2020,3.45,3.45,3.45,3.45,2.711332,0,1
23/10/2020,3.57,3.57,3.57,3.57,2.805639,1300,0
26/10/2020,3.57,3.57,3.57,3.57,2.805639,0,1
27/10/2020,3.45,3.58,3.45,3.58,2.813498,3700,0
28/10/2020,3.55,3.55,3.55,3.55,2.789921,300,0
29/10/2020,3.55,3.55,3.55,3.55,2.789921,0,1
30/10/2020,3.95,3.95,3.95,3.95,3.104279,100,0
2/11/2020,3.95,3.95,3.95,3.95,3.104279,0,0
3/11/2020,3.95,3.95,3.95,3.95,3.104279,0,0
4/11/2020,3.95,3.95,3.95,3.95,3.104279,0,0
5/11/2020,3.95,3.95,3.95,3.95,3.104279,0,0
6/11/2020,3.95,3.95,3.95,3.95,3.104279,0,0
9/11/2020,3.95,3.95,3.95,3.95,3.104279,0,0
10/11/2020,3.95,3.95,3.95,3.95,3.104279,0,0
11/11/2020,3.95,3.95,3.95,3.95,3.104279,0,0
12/11/2020,3.95,3.95,3.95,3.95,3.104279,0,0
13/11/2020,3.95,3.95,3.95,3.95,3.104279,0,1
16/11/2020,3.9,3.98,3.9,3.98,3.127856,400,0
17/11/2020,3.98,3.98,3.98,3.98,3.127856,0,0
18/11/2020,3.98,3.98,3.98,3.98,3.127856,0,1
19/11/2020,4.59,4.59,4.59,4.59,3.607251,1400,0
20/11/2020,4.59,4.59,4.59,4.59,3.607251,100,0
23/11/2020,4.59,4.59,4.59,4.59,3.607251,0,0
24/11/2020,4.59,4.59,4.59,4.59,3.607251,0,0
25/11/2020,4.59,4.59,4.59,4.59,3.607251,0,0
27/11/2020,4.59,4.59,4.59,4.59,3.607251,0,0
30/11/2020,3.53,4.49,3.53,4.49,3.528661,1400,0
1/12/2020,4.49,4.49,4.49,4.49,3.528661,0,0
2/12/2020,3.87,4.07,3.87,4.07,3.198586,500,0
3/12/2020,4.07,4.07,4.07,4.07,3.198586,0,0
4/12/2020,4.07,4.07,4.07,4.07,3.198586,0,0
7/12/2020,4.07,4.07,4.07,4.07,3.198586,0,0
8/12/2020,3.96,4.09,3.85,3.91,3.072843,22300,0
9/12/2020,3.91,3.91,3.91,3.91,3.072843,460200,1
10/12/2020,4.36,4.36,4.36,4.36,3.426495,800,0
11/12/2020,4.35,4.35,3.92,3.92,3.080702,1300,1
14/12/2020,4.36,4.36,4.26,4.26,3.347906,1300,0
15/12/2020,4.26,4.26,4.26,4.26,3.347906,0,0
16/12/2020,4.25,4.55,4.25,4.25,3.340047,6000,1
17/12/2020,4.25,4.25,4.25,4.25,3.392734,0,1
18/12/2020,4.42,4.42,4.42,4.42,3.528443,22500,0
21/12/2020,4.37,4.41,4.36,4.41,3.52046,6000,0
22/12/2020,3.84,4.04,3.84,3.84,3.065435,1500,0
23/12/2020,3.84,3.84,3.84,3.84,3.065435,0,1
24/12/2020,4.34,4.34,4.34,4.34,3.46458,300,0
28/12/2020,4.18,4.18,4.18,4.18,3.336854,400,0
29/12/2020,4.18,4.18,4.18,4.18,3.336854,0,0
30/12/2020,3.9,4.1,3.9,4.1,3.27299,300,1
31/12/2020,4.29,4.29,4.29,4.29,3.424665,300,0
4/1/2021,4.29,4.29,4.29,4.29,3.424665,0,0
5/1/2021,3.45,4.14,3.45,3.55,2.83393,1700,1
6/1/2021,3.76,3.76,3.56,3.6,2.873845,7900,1
7/1/2021,4.33,4.33,4.33,4.33,3.456597,500,0
8/1/2021,4.33,4.33,4.33,4.33,3.456597,0,0
11/1/2021,4.32,4.32,4.31,4.31,3.440631,600,0
12/1/2021,4.31,4.31,4.31,4.31,3.440631,0,0
13/1/2021,4.31,4.31,4.31,4.31,3.440631,0,0
14/1/2021,4.31,4.31,4.31,4.31,3.440631,0,0
15/1/2021,4.31,4.31,4.31,4.31,3.440631,0,0
19/1/2021,4.31,4.31,4.31,4.31,3.440631,0,0
20/1/2021,3.41,4.25,3.41,4.25,3.392734,500,0
21/1/2021,4.25,4.25,4.25,4.25,3.392734,0,1
22/1/2021,3.61,4.7,3.61,4.7,3.751965,6800,0
25/1/2021,4.7,4.7,4.7,4.7,3.751965,0,0
26/1/2021,4.7,4.7,4.7,4.7,3.751965,0,0
27/1/2021,4.7,4.7,4.7,4.7,3.751965,0,0
28/1/2021,4.58,4.58,4.38,4.38,3.496512,900,0
29/1/2021,4.38,4.38,4.38,4.38,3.496512,0,0
1/2/2021,4.38,4.38,4.38,4.38,3.496512,0,1
2/2/2021,4.63,4.63,4.63,4.63,3.696084,100,0
3/2/2021,4.63,4.63,4.63,4.63,3.696084,0,0
4/2/2021,4.63,4.63,4.63,4.63,3.696084,0,0
5/2/2021,3.5,3.5,3.5,3.5,2.794016,300,0
8/2/2021,3.5,3.5,3.5,3.5,2.794016,0,1
9/2/2021,4.49,4.49,3.8,3.8,3.033503,8600,0
10/2/2021,3.8,3.8,3.8,3.8,3.033503,0,0
11/2/2021,3.8,3.8,3.8,3.8,3.033503,0,0
12/2/2021,3.7,3.7,3.7,3.7,2.953674,200,1
16/2/2021,3.9,3.9,3.87,3.87,3.089384,34100,0
17/2/2021,3.87,3.87,3.87,3.87,3.089384,0,1
18/2/2021,4.19,4.19,4.19,4.19,3.344836,400,0
19/2/2021,4.19,4.19,4.19,4.19,3.344836,0,1
22/2/2021,3.5,4.4,3.5,4.4,3.512477,3900,0
23/2/2021,4.4,4.4,4.4,4.4,3.512477,0,0
24/2/2021,4.39,4.39,4.39,4.39,3.504495,500,0
25/2/2021,4.39,4.39,4.39,4.39,3.504495,0,0
26/2/2021,4.35,4.35,4.35,4.35,3.472563,500,0
1/3/2021,4.18,4.18,4.18,4.18,3.336854,1100,0
2/3/2021,3.79,3.79,3.42,3.42,2.730153,18100,1
3/3/2021,3.81,3.97,3.81,3.97,3.169213,300,0
4/3/2021,3.97,3.97,3.97,3.97,3.169213,0,1
5/3/2021,4.08,4.13,4.08,4.13,3.296939,600,0
8/3/2021,4.13,4.13,4.13,4.13,3.296939,0,1
9/3/2021,4.39,4.39,4.3,4.3,3.432649,600,0
10/3/2021,4.3,4.3,4.3,4.3,3.432649,0,0
11/3/2021,3.61,4.2,3.61,4.2,3.352819,600,0
12/3/2021,4.2,4.2,4.2,4.2,3.352819,0,1
15/3/2021,4.21,4.49,4.2,4.49,3.584324,1800,0
16/3/2021,4.49,4.49,4.49,4.49,3.584324,0,0
17/3/2021,3.98,3.98,3.98,3.98,3.177196,200,0
18/3/2021,3.98,3.98,3.98,3.98,3.177196,0,1
19/3/2021,4.24,4.24,4.24,4.24,3.384751,300,0
22/3/2021,3.92,3.92,3.92,3.92,3.129298,500,0
23/3/2021,3.92,3.92,3.92,3.92,3.129298,0,1
24/3/2021,3.53,4.02,3.53,4.02,3.209127,16700,0
25/3/2021,4.02,4.02,4.02,4.02,3.209127,0,1
26/3/2021,4.39,4.5,4.07,4.5,3.592306,20000,0
29/3/2021,4.33,4.33,4.33,4.33,3.456597,100,1
30/3/2021,4.5,4.5,4.5,4.5,3.592306,900,0
31/3/2021,4.3,4.5,4.3,4.5,3.592306,600,0
1/4/2021,4.5,4.5,4.5,4.5,3.592306,100,0
5/4/2021,4.24,4.24,4.08,4.08,3.257024,1900,0
6/4/2021,4.08,4.08,4.08,4.08,3.257024,100,0
7/4/2021,4.08,4.08,4.08,4.08,3.257024,0,1
8/4/2021,4.3,4.3,4.3,4.3,3.432649,1800,0
9/4/2021,4.24,4.24,4.24,4.24,3.384751,500,0
12/4/2021,4.24,4.24,4.24,4.24,3.384751,0,0
13/4/2021,4.64,4.64,4.18,4.18,3.336854,900,0
14/4/2021,4.08,4.08,3.92,3.92,3.129298,50100,1
15/4/2021,4.69,4.69,4.69,4.69,3.743982,400,0
16/4/2021,4.69,4.69,4.69,4.69,3.743982,0,0
19/4/2021,4.11,4.11,4.02,4.06,3.241059,7800,0
20/4/2021,4.06,4.06,4.06,4.06,3.241059,0,0
21/4/2021,4.06,4.06,4.06,4.06,3.241059,0,0
22/4/2021,4.06,4.06,4.06,4.06,3.241059,0,0
23/4/2021,4.06,4.06,4.06,4.06,3.241059,0,0
26/4/2021,4.14,4.14,3.78,4,3.193161,32900,0
27/4/2021,4,4,4,4,3.193161,0,1
28/4/2021,4.19,4.19,4.19,4.19,3.344836,500,0
29/4/2021,4.19,4.19,4.19,4.19,3.344836,0,0
30/4/2021,4.19,4.19,4.19,4.19,3.344836,0,0
3/5/2021,4.19,4.19,4.19,4.19,3.344836,0,0
4/5/2021,4.19,4.19,4.19,4.19,3.344836,0,0
5/5/2021,3.8,3.8,3.8,3.8,3.033503,200,1
6/5/2021,3.99,3.99,3.99,3.99,3.185179,300,0
7/5/2021,4.2,4.2,3.5,3.68,2.937708,900,0
10/5/2021,3.68,3.68,3.68,3.68,2.937708,0,1
11/5/2021,3.93,3.93,3.93,3.93,3.137281,300,0
12/5/2021,3.8,3.8,3.8,3.8,3.033503,2000,1
13/5/2021,3.5,4.3,3.5,4.3,3.432649,6400,0
14/5/2021,3.98,3.98,3.98,3.98,3.177196,400,1
17/5/2021,4.13,4.13,4.11,4.11,3.280974,1500,0
18/5/2021,4.11,4.11,4.11,4.11,3.280974,0,0
19/5/2021,4.11,4.11,4.11,4.11,3.280974,0,0
20/5/2021,4.11,4.11,4.11,4.11,3.280974,0,0
21/5/2021,4.11,4.11,4.11,4.11,3.280974,200,0
24/5/2021,4.11,4.11,4.11,4.11,3.280974,0,0
25/5/2021,4.08,4.08,4.08,4.08,3.257024,300,0
26/5/2021,4.08,4.08,4.08,4.08,3.257024,100,1
27/5/2021,4.23,4.23,4.03,4.03,3.371644,600,1
28/5/2021,4.28,4.29,4.28,4.29,3.589169,200,0
1/6/2021,3.35,3.35,3.35,3.35,2.802731,200,0
2/6/2021,3.35,3.35,3.35,3.35,2.802731,0,1
3/6/2021,3.6,3.6,3.6,3.6,3.01189,400,0
4/6/2021,3.6,3.6,3.6,3.6,3.01189,0,1
7/6/2021,4.29,4.29,4,4,3.346545,900,0
8/6/2021,4,4,4,4,3.346545,0,1
9/6/2021,4.05,4.49,4.05,4.49,3.756496,33800,0
10/6/2021,4.49,4.49,4.49,4.49,3.756496,100,0
11/6/2021,4.05,4.15,4.05,4.15,3.47204,400,1
14/6/2021,4.19,4.19,4.19,4.19,3.505506,500,0
15/6/2021,4.19,4.19,4.19,4.19,3.505506,0,0
16/6/2021,4.19,4.19,4.19,4.19,3.505506,0,0
17/6/2021,4.19,4.19,4.19,4.19,3.505506,0,0
18/6/2021,4.19,4.19,4.19,4.19,3.505506,0,0
21/6/2021,4.19,4.19,4.19,4.19,3.505506,0,1
22/6/2021,4.27,4.27,4.27,4.27,3.572437,1200,1
23/6/2021,4.33,4.68,4.33,4.68,3.915457,1200,0
24/6/2021,4.46,4.65,4.46,4.65,3.890358,800,0
25/6/2021,4.65,4.65,4.65,4.65,3.890358,0,0
28/6/2021,4.29,4.47,4.29,4.47,3.739763,1200,0
29/6/2021,3.7,4.28,3.7,4.28,3.580803,9600,1
30/6/2021,4.65,4.65,4.46,4.46,3.731397,500,0
1/7/2021,4.11,4.45,4.11,4.45,3.723031,1600,0
2/7/2021,4.4,4.4,4.4,4.4,3.681199,1000,0
6/7/2021,4.4,4.4,4.4,4.4,3.681199,0,0
7/7/2021,4.5,4.5,4.11,4.11,3.438575,400,0
8/7/2021,4.11,4.2,4.03,4.03,3.371644,12000,1
9/7/2021,4.01,4.35,4.01,4.35,3.639368,500,1
12/7/2021,4.69,4.69,4.69,4.69,3.923824,400,0
13/7/2021,4.69,4.69,4.69,4.69,3.923824,0,0
14/7/2021,4.01,4.01,3.8,3.95,3.304713,1000,1
15/7/2021,4.56,4.56,4.56,4.56,3.815061,200,1
16/7/2021,4.65,4.65,4.6,4.6,3.848526,500,0
19/7/2021,3.82,4,3.82,4,3.346545,1900,0
20/7/2021,4.01,4.01,3.91,4,3.346545,800,1
21/7/2021,3.99,4.01,3.99,4.01,3.354911,400,0
22/7/2021,3.77,4,3.76,4,3.346545,356700,0
23/7/2021,4,4,4,4,3.346545,32700,1
26/7/2021,4.22,4.69,4.22,4.69,3.923824,1100,0
27/7/2021,4.69,4.69,4.69,4.69,3.923824,300,0
28/7/2021,4.24,4.25,4.05,4.05,3.388376,8500,1
29/7/2021,4.45,4.65,4.45,4.65,3.890358,700,0
30/7/2021,4.75,4.75,4,4,3.346545,14300,1
2/8/2021,4.49,4.69,4.01,4.01,3.354911,4500,1
3/8/2021,4.67,4.67,4.04,4.67,3.907091,1600,0
4/8/2021,4.6,4.67,3.92,4.5,3.764863,2900,0
5/8/2021,4.3,4.5,3.91,4.34,3.631001,900,0
6/8/2021,4.3,4.3,4.1,4.1,3.430208,700,0
9/8/2021,4.07,4.07,4.01,4.01,3.354911,1300,1
10/8/2021,4.03,4.03,4.03,4.03,3.371644,700,0
11/8/2021,3.81,4,3.76,4,3.346545,8700,0
12/8/2021,3.87,3.98,3.87,3.88,3.246148,1400,1
13/8/2021,3.87,4.03,3.87,4.03,3.371644,43600,1
16/8/2021,3.81,4.76,3.81,4.06,3.396743,36200,1
17/8/2021,4.95,5.15,4.95,5.15,4.308676,600,0
18/8/2021,4.22,5.15,4.22,5.1,4.266845,4400,0
19/8/2021,4.9,5.1,4.11,4.8,4.015853,1900,0
20/8/2021,4.79,4.79,4.12,4.12,3.446941,2200,1
23/8/2021,6.54,6.74,5.18,6.74,5.638928,900,0
24/8/2021,6.15,6.15,6.14,6.14,5.136945,2200,0
25/8/2021,6.1,6.1,6.1,6.1,5.103481,200,0
26/8/2021,4.5,6.08,4.49,6.08,5.086748,2300,1
27/8/2021,4.5,6.1,4.34,6.1,5.103481,700,0
30/8/2021,4.4,6.1,4.4,6.1,5.103481,500,0
31/8/2021,5.9,6.1,4.38,6.1,5.103481,1000,0
1/9/2021,4.38,6.08,4.38,6.08,5.086748,400,0
2/9/2021,6.08,6.08,6.08,6.08,5.086748,400,0
3/9/2021,4.87,6.05,4.87,6.05,5.061649,1700,0
7/9/2021,6.05,6.05,6.05,6.05,5.061649,0,0
8/9/2021,4.93,5.74,4.93,5.74,4.802291,600,1
9/9/2021,5.82,5.82,5.82,5.82,4.869223,500,1
10/9/2021,6.04,6.04,5.84,5.84,4.885956,400,0
13/9/2021,5.31,5.31,5.31,5.31,4.442538,200,1
14/9/2021,5.94,5.94,5.74,5.74,4.802291,200,1
15/9/2021,5.94,5.95,5.74,5.95,4.977985,1100,0
16/9/2021,5.75,5.95,5.75,5.95,4.977985,700,0
17/9/2021,5.95,5.95,5.95,5.95,4.977985,800,0
20/9/2021,4.17,4.17,4.1,4.11,3.438575,1500,1
21/9/2021,4.48,4.48,4.05,4.05,3.503453,2400,0
22/9/2021,3.82,3.82,3.82,3.82,3.304492,500,0
23/9/2021,3.82,3.82,3.82,3.82,3.304492,0,1
24/9/2021,4.26,4.26,4.26,4.26,3.685114,400,1
27/9/2021,4.12,4.3,4.12,4.3,3.719716,2300,0
28/9/2021,4.45,4.45,4.1,4.3,3.719716,2000,0
29/9/2021,4.23,4.43,4.1,4.1,3.546706,7800,1
30/9/2021,4.21,4.21,4.2,4.2,3.633211,1300,1
1/10/2021,4.36,4.38,4.36,4.38,3.78892,1400,0
4/10/2021,4,4.35,4,4.01,3.468851,2100,0
5/10/2021,4.01,4.01,4.01,4.01,3.468851,0,1
6/10/2021,4.11,4.15,4.01,4.14,3.581308,800,0
7/10/2021,4.14,4.14,4.14,4.14,3.581308,0,1
8/10/2021,4.07,4.24,4.07,4.24,3.667813,800,0
11/10/2021,4.24,4.24,4.24,4.24,3.667813,0,0
12/10/2021,4.24,4.24,4.24,4.24,3.667813,0,0
13/10/2021,4.12,4.12,4.12,4.12,3.564007,4200,0
14/10/2021,4.03,4.03,4.03,4.03,3.486153,700,0
15/10/2021,4.02,4.02,3.82,3.82,3.304492,300,1
18/10/2021,3.99,4.01,3.99,4.01,3.468851,600,0
19/10/2021,3.99,3.99,3.99,3.99,3.45155,300,1
20/10/2021,4,4,3.85,4,3.460201,3100,0
21/10/2021,3.95,3.95,3.86,3.86,3.339094,1100,1
22/10/2021,4.06,4.19,4.06,4.19,3.62456,800,0
25/10/2021,4.1,4.1,4.1,4.1,3.546706,200,0
26/10/2021,4,4,4,4,3.460201,200,0
27/10/2021,4.09,4.09,3.9,3.9,3.373696,1900,0
28/10/2021,4.09,4.09,3.81,3.81,3.295841,7300,1
29/10/2021,3.96,3.96,3.96,3.96,3.425599,200,0
1/11/2021,4.04,4.04,3.81,3.84,3.321793,600,1
2/11/2021,4.2,4.26,4.03,4.26,3.685114,700,0
3/11/2021,4.26,4.26,4.26,4.26,3.685114,0,0
4/11/2021,4.26,4.26,4.26,4.26,3.685114,0,0
5/11/2021,4.03,4.03,4.03,4.03,3.486153,100,0
8/11/2021,3.96,3.96,3.96,3.96,3.425599,200,1
9/11/2021,4.21,4.21,4,4.07,3.520755,1200,0
10/11/2021,4.02,4.02,4.01,4.01,3.468851,500,0
11/11/2021,4,4,4,4,3.460201,100,1
12/11/2021,4.01,4.05,4.01,4.05,3.503453,400,0
15/11/2021,4.12,4.12,3.8,4,3.460201,7500,0
16/11/2021,4.02,4.02,3.8,3.81,3.295841,6100,1
17/11/2021,3.75,3.92,3.75,3.92,3.390997,6900,1
18/11/2021,4.04,4.16,4.04,4.16,3.598609,1000,0
19/11/2021,3.94,4.03,3.94,4.03,3.486153,2600,1
22/11/2021,4.07,4.07,4.07,4.07,3.520755,400,0
23/11/2021,3.97,4.06,3.83,3.83,3.313142,600,1
24/11/2021,4,4,4,4,3.460201,3400,1
26/11/2021,4.17,4.17,4.17,4.17,3.607259,300,0
29/11/2021,4.1,4.1,3.96,3.96,3.425599,4600,1
30/11/2021,3.8,3.98,3.78,3.98,3.4429,8600,0
1/12/2021,3.76,3.76,3.75,3.75,3.243938,1000,1
2/12/2021,3.72,3.82,3.72,3.82,3.304492,500,0
3/12/2021,3.82,3.82,3.71,3.81,3.295841,2400,0
6/12/2021,3.81,3.81,3.81,3.81,3.295841,400,1
7/12/2021,3.82,3.87,3.81,3.87,3.347744,1300,1
8/12/2021,4.01,4.01,3.99,3.99,3.45155,700,0
9/12/2021,3.99,3.99,3.99,3.99,3.45155,100,0
10/12/2021,4.55,4.55,3.97,3.97,3.43425,300,1
13/12/2021,3.99,3.99,3.99,3.99,3.45155,300,0
14/12/2021,3.98,3.98,3.98,3.98,3.4429,300,0
15/12/2021,3.98,3.98,3.98,3.98,3.4429,400,0
16/12/2021,3.98,3.98,3.98,3.98,3.4429,0,0
17/12/2021,3.94,3.94,3.94,3.94,3.408298,300,0
20/12/2021,3.38,3.38,3.38,3.38,2.92387,300,1
21/12/2021,4.06,4.07,3.86,4.05,3.503453,3700,0
22/12/2021,3.98,4.04,3.88,3.98,3.4429,1400,0
23/12/2021,3.98,3.98,3.91,3.91,3.382346,1300,1
27/12/2021,3.99,3.99,3.99,3.99,3.45155,300,0
28/12/2021,3.99,3.99,3.99,3.99,3.45155,0,1
29/12/2021,5.01,5.01,3.95,4.04,3.494803,2800,0
30/12/2021,4.04,4.04,4.04,4.04,3.494803,0,0
31/12/2021,3.94,3.94,3.94,3.94,3.408298,300,1
3/1/2022,4,4,4,4,3.460201,200,1
4/1/2022,5.5,5.5,4,5.5,4.757776,700,0
5/1/2022,4,4,3.99,4,3.460201,500,0
6/1/2022,3.98,3.99,3.98,3.99,3.45155,400,1
7/1/2022,4.07,4.07,4,4.06,3.512104,2300,0
10/1/2022,4,4,4,4,3.460201,1000,1
11/1/2022,4.05,4.05,4.05,4.05,3.503453,300,1
12/1/2022,4.06,4.06,4.06,4.06,3.512104,1100,0
13/1/2022,4.06,4.06,4.06,4.06,3.512104,0,1
14/1/2022,4.07,4.13,4.03,4.13,3.572657,2100,0
18/1/2022,4.09,4.09,4.09,4.09,3.538055,200,0
19/1/2022,4.09,4.09,4.09,4.09,3.538055,1100,1
20/1/2022,4.1,4.11,4.1,4.11,3.555357,1300,0
21/1/2022,4.03,4.03,4.03,4.03,3.486153,700,0
24/1/2022,4.04,4.11,4.02,4.02,3.477502,18200,1
25/1/2022,4.04,4.05,3.92,4.05,3.503453,7100,0
26/1/2022,4.08,4.13,4.02,4.02,3.477502,6400,1
27/1/2022,4.08,4.13,4.08,4.13,3.572657,500,0
28/1/2022,4.09,4.09,4.09,4.09,3.538055,2200,1
31/1/2022,4.1,4.14,4.1,4.11,3.555357,196800,0
1/2/2022,4.11,4.11,4.1,4.1,3.546706,800,0
2/2/2022,4.14,4.15,4.09,4.09,3.538055,4900,0
3/2/2022,4.09,4.09,4.09,4.09,3.538055,0,1
4/2/2022,4.15,4.24,4.15,4.24,3.667813,26800,0
7/2/2022,4.24,4.25,4.12,4.12,3.564007,3800,1
8/2/2022,4.13,4.13,4.13,4.13,3.572657,300,1
9/2/2022,4.25,5.5,4.2,5.23,4.524212,21900,1
10/2/2022,5.73,6.25,4.25,5.78,4.99999,11200,0
11/2/2022,5.74,5.74,4.45,5.63,4.870233,1900,0
14/2/2022,5.11,5.11,4.5,5.1,4.411757,6200,1
15/2/2022,5.26,5.26,5.13,5.26,4.550164,1300,0
16/2/2022,4.51,5.35,4.51,4.64,4.013833,4000,1
17/2/2022,4.72,5.01,4.35,5.01,4.333901,5600,0
18/2/2022,5.04,5.24,4.35,4.82,4.169542,4200,1
22/2/2022,5.09,5.09,5.09,5.09,4.403105,500,1
23/2/2022,5.25,5.25,5.25,5.25,4.541513,300,0
24/2/2022,4.95,5.15,4.41,4.41,3.814871,1400,0
25/2/2022,4.41,5.13,4.37,4.37,3.780269,2700,1
28/2/2022,5.16,5.36,4.84,4.84,4.186843,3500,0
1/3/2022,4.84,4.84,4.84,4.84,4.186843,300,0
2/3/2022,4.73,5.17,4.53,4.57,3.953279,1500,0
3/3/2022,4.57,4.57,4.57,4.57,3.953279,0,0
4/3/2022,4.53,4.53,4.53,4.53,3.918678,400,1
7/3/2022,4.23,5.35,4.23,5.35,4.628018,1400,0
8/3/2022,5.07,5.08,5.07,5.08,4.394454,800,1
9/3/2022,5.18,5.53,4.48,5.53,4.783728,5000,0
10/3/2022,5.53,5.53,5.53,5.53,4.783728,0,1
11/3/2022,5.75,6,5.75,6,5.190301,4800,1
14/3/2022,6.1,7,6.1,7,6.055352,1400,1
15/3/2022,6.85,9,4.8,9,7.948974,8600,0
16/3/2022,8.2,8.2,8.2,8.2,7.242398,400,0
17/3/2022,7.79,7.79,7.79,7.79,6.880278,200,0
18/3/2022,7.54,7.74,7.54,7.74,6.836117,600,0
21/3/2022,7.74,7.74,7.74,7.74,6.836117,0,0
22/3/2022,7,7,7,7,6.182535,900,0
23/3/2022,6.78,6.8,6.75,6.8,6.005891,1500,0
24/3/2022,6.69,6.69,6.69,6.69,5.908737,200,0
25/3/2022,4.82,5.57,4.76,5.27,4.654566,33400,1
28/3/2022,6.2,6.37,6.07,6.07,5.361141,5200,0
29/3/2022,5.51,5.97,4.95,5.97,5.272819,6200,0
30/3/2022,4.93,5.4,4.93,4.93,4.354271,1100,1
31/3/2022,6.09,6.09,4.95,5.61,4.95486,2700,0
1/4/2022,5.38,5.59,5.38,5.39,4.760552,1000,0
4/4/2022,6.16,6.16,4.58,4.58,4.045144,5400,1
5/4/2022,4.6,5.31,4.6,5.31,4.689895,600,0
6/4/2022,5.1,5.3,5.09,5.3,4.681063,900,0
7/4/2022,5.29,5.29,5.08,5.28,4.663398,1400,0
8/4/2022,5.28,5.28,5.28,5.28,4.663398,200,0
11/4/2022,5.15,5.28,5.08,5.28,4.663398,600,1
12/4/2022,5.28,5.34,5.14,5.3,4.681063,1500,0
13/4/2022,5.01,5.19,4.81,5.19,4.583908,600,1
14/4/2022,5.2,5.2,5.2,5.2,4.59274,200,0
18/4/2022,5.2,5.2,4.75,5.2,4.59274,1700,1
19/4/2022,5.35,5.35,5.07,5.29,4.67223,12200,0
20/4/2022,4.64,5,4.64,4.64,4.098137,16900,1
21/4/2022,4.87,5.07,4.87,5.07,4.477922,700,0
22/4/2022,5.07,5.07,5.07,5.07,4.477922,0,0
25/4/2022,5.04,5.05,4.14,5.01,4.424929,8700,0
26/4/2022,4.29,4.37,4.17,4.17,3.683024,1600,0
27/4/2022,4.17,4.17,4.17,4.17,3.683024,0,0
28/4/2022,5.34,5.34,3.92,4,3.532877,17600,0
29/4/2022,4.01,4.73,4,4,3.532877,7200,1
2/5/2022,4.66,4.66,4.01,4.21,3.718354,4400,0
3/5/2022,4.21,4.21,4.21,4.21,3.718354,0,1
4/5/2022,4.62,4.62,4.29,4.58,4.045144,1500,0
5/5/2022,4.29,4.35,4.15,4.15,3.66536,600,1
6/5/2022,4.55,4.55,4.22,4.22,3.727185,5200,1
9/5/2022,4.55,4.75,4.55,4.58,4.045144,500,0
10/5/2022,4.58,4.58,4.58,4.58,4.045144,0,1
11/5/2022,4.58,4.68,4.57,4.68,4.133467,1700,0
12/5/2022,4.68,4.68,4.68,4.68,4.133467,0,0
13/5/2022,4.68,4.68,4.68,4.68,4.133467,0,1
16/5/2022,4.06,5.05,4.06,5.05,4.460258,800,0
17/5/2022,4.72,4.72,4.72,4.72,4.168795,300,1
18/5/2022,5.05,5.05,5.05,5.05,4.460258,300,0
19/5/2022,4.86,4.86,4.8,4.8,4.239452,2200,1
20/5/2022,4.28,5.05,4.28,5.05,4.460258,2000,0
23/5/2022,4.51,4.51,4.51,4.51,3.983319,200,1
24/5/2022,6.99,6.99,6.83,6.83,6.032388,1000,0
25/5/2022,6.5,6.5,4.51,6.47,5.714428,3000,0
26/5/2022,6.14,6.2,4.52,6.19,5.467127,1600,0
27/5/2022,5.98,5.98,4.66,5.98,5.281651,600,0
31/5/2022,5.98,5.98,5.95,5.98,5.281651,600,0
1/6/2022,4.81,5.78,4.81,5.78,5.105008,500,1
2/6/2022,4.76,5.99,4.76,5.98,5.281651,900,0
3/6/2022,4.38,5.93,4.38,5.93,5.23749,1600,0
6/6/2022,5.89,5.89,4.6,5.89,5.202161,900,0
7/6/2022,4.9,4.9,4.9,4.9,4.327775,400,0
8/6/2022,4.29,5.97,4.25,4.89,4.318943,2000,1
9/6/2022,5.96,5.96,5.96,5.96,5.263987,300,1
10/6/2022,5.92,5.99,5.92,5.99,5.290483,1500,0
13/6/2022,5.93,5.99,4.51,5.98,5.281651,9400,0
14/6/2022,5.95,5.95,4.5,5.9,5.210994,3900,0
15/6/2022,5.9,7.7,4.54,4.54,4.009815,6500,1
16/6/2022,7.41,7.49,4.55,7.15,6.315018,3000,0
17/6/2022,5.96,7.15,4.85,6.95,6.138374,4400,0
21/6/2022,6.73,6.95,6.73,6.95,6.138374,4800,0
22/6/2022,6.8,6.87,4.91,6.86,6.058885,3400,1
23/6/2022,7.7,7.71,7.7,7.71,6.80962,1100,0
24/6/2022,7.5,7.5,4.55,7.5,6.624145,2700,0
27/6/2022,7.46,7.46,7.46,7.46,6.588816,1000,1
28/6/2022,7.42,7.49,4.73,7.49,6.615313,2100,0
29/6/2022,7.25,7.25,7.18,7.25,6.403339,500,1
30/6/2022,7.42,7.49,7.42,7.49,6.615313,5400,1
1/7/2022,7.5,7.51,7.42,7.51,6.632977,2000,0
5/7/2022,8.99,8.99,5.64,5.64,4.981357,2600,1
6/7/2022,8.76,8.85,5.52,5.7,5.034349,43300,1
7/7/2022,7.49,7.5,6.06,6.06,5.352309,4800,0
8/7/2022,7.47,7.49,6.03,6.03,5.325812,5100,0
11/7/2022,6.04,7.42,4.88,5.23,4.619237,6400,1
12/7/2022,6.08,7.95,6.02,6.02,5.31698,7200,0
13/7/2022,6.5,7.38,6,6,5.299315,4100,1
14/7/2022,7.15,7.74,7.11,7.74,6.836117,7200,0
15/7/2022,6.55,6.55,6.48,6.55,5.785087,4300,0
18/7/2022,6.55,6.55,6.02,6.55,5.785087,4400,1
19/7/2022,6.6,7.2,6.41,7.18,6.341514,3300,0
20/7/2022,6.3,7.2,6.24,6.25,5.520121,5600,1
21/7/2022,6.78,6.85,6.78,6.85,6.050052,2100,0
22/7/2022,7.45,7.49,6.31,6.32,5.581946,1600,1
25/7/2022,8.75,8.75,8.45,8.45,7.463202,700,0
26/7/2022,7.13,8.45,7.13,8.45,7.463202,6600,0
27/7/2022,6.77,8.35,6.77,7.57,6.68597,13400,0
28/7/2022,6.54,8.29,6.54,6.78,5.988227,9600,1
29/7/2022,8.35,8.35,6.95,8.35,7.374882,2200,1
1/8/2022,8.79,8.89,7.03,8.89,7.851819,19900,0
2/8/2022,7.9,7.9,6.87,6.87,6.067716,4000,1
3/8/2022,8.43,8.48,6.96,8.48,7.489699,13900,0
4/8/2022,8.45,8.48,7.16,8.32,7.348384,6400,0
5/8/2022,7.83,8,7.77,7.97,7.039257,6400,1
8/8/2022,8.37,8.45,8.37,8.45,7.463202,1600,1
9/8/2022,8.5,8.5,8.41,8.5,7.507364,1700,0
10/8/2022,7.65,7.65,7.65,7.65,6.756628,1600,1
11/8/2022,8.95,8.95,8.95,8.95,7.904812,500,1
12/8/2022,8.99,8.99,8.99,8.99,7.940142,800,0
15/8/2022,8.95,8.95,5.24,7.7,6.800788,2600,0
16/8/2022,6.02,6.02,4.95,4.95,4.371935,1900,0
17/8/2022,5.7,6.75,4.75,4.75,4.195292,3500,0
18/8/2022,4.46,5.29,4.01,4.25,3.753682,14700,1
19/8/2022,4.45,5.2,4.3,4.47,3.94799,10500,1
22/8/2022,5.16,5.18,3.91,5,4.416096,7100,1
23/8/2022,5.18,5.2,4.12,5.19,4.583908,15300,0
24/8/2022,5.18,5.18,4.25,4.75,4.195292,4100,1
25/8/2022,4.75,5.08,3.98,5.08,4.486753,4000,0
26/8/2022,4.91,4.91,3.9,3.9,3.444555,4400,1
29/8/2022,4.01,4.54,3.92,4.39,3.877333,14300,0
30/8/2022,4.06,4.5,4.02,4.02,3.550541,19700,1
31/8/2022,4.75,4.8,4,4.34,3.833172,20600,0
1/9/2022,4.5,4.54,4.3,4.3,3.797843,6300,1
2/9/2022,4.28,4.73,4.14,4.55,4.018648,8000,0
6/9/2022,4.36,4.8,4.12,4.18,3.691857,7100,1
7/9/2022,4.66,4.73,4.66,4.73,4.177627,2200,0
8/9/2022,4.72,4.72,3.92,4.65,4.10697,5700,0
9/9/2022,4.62,4.8,4.51,4.51,3.983319,3400,0
12/9/2022,4.65,4.65,4.22,4.27,3.771346,1800,1
13/9/2022,4.73,4.73,4.23,4.3,3.797843,8900,0
14/9/2022,4.41,4.41,4.15,4.28,3.780179,6300,1
15/9/2022,4.41,4.79,4.1,4.79,4.23062,2600,1
16/9/2022,4.7,4.8,4.6,4.73,4.288649,8400,1
19/9/2022,4.47,4.78,4.17,4.78,4.333983,16800,0
20/9/2022,4.8,4.8,4.28,4.28,3.880638,8000,1
21/9/2022,4.81,4.89,4.18,4.64,4.207046,13400,1
22/9/2022,4.72,5.42,3.9,4.86,4.406518,5800,0
23/9/2022,4.74,4.74,3.83,3.83,3.472627,8200,0
26/9/2022,4.72,4.72,3.74,3.8,3.445426,23900,0
27/9/2022,4.48,4.48,3.76,3.76,3.409158,7600,1
28/9/2022,4.42,4.42,3.72,4.1,3.717433,11900,1
29/9/2022,3.87,4.44,3.82,4.26,3.862504,2600,0
30/9/2022,4.42,4.42,3.82,3.82,3.463559,2500,0
3/10/2022,4.26,4.26,3.72,3.72,3.37289,10800,0
4/10/2022,4.09,4.09,3.67,3.67,3.327556,3500,1
5/10/2022,3.98,4.5,3.82,4.08,3.699299,28200,1
6/10/2022,4.35,4.37,4.35,4.37,3.96224,600,1
7/10/2022,4.37,4.45,4.1,4.45,4.034775,1600,0
10/10/2022,4.5,4.5,3.9,3.92,3.554229,4400,1
11/10/2022,4.22,4.34,3.91,4.34,3.935039,4300,0
12/10/2022,4.13,4.13,3.81,3.89,3.527028,13600,0
13/10/2022,3.94,4.35,3.67,3.67,3.327556,8600,1
14/10/2022,4.33,4.33,3.84,4.22,3.826236,12500,1
17/10/2022,4.48,4.49,3.96,4.38,3.971307,13600,0
18/10/2022,4.15,4.39,3.92,4.14,3.753701,11800,1
19/10/2022,4.47,4.49,4.1,4.47,4.052908,2500,0
20/10/2022,4.47,4.47,4.43,4.47,4.052908,800,0
21/10/2022,4.03,4.47,4.03,4.03,3.653965,1000,1
24/10/2022,4.97,5.06,4.1,5.04,4.569723,26300,0
25/10/2022,5.05,5.23,4.27,5,4.533455,3300,0
26/10/2022,5.23,5.23,4.59,4.59,4.161712,8300,1
27/10/2022,5.2,5.2,4.46,5.04,4.569723,2800,1
28/10/2022,5,5.55,4.46,5.55,5.032135,2200,0
31/10/2022,5.55,5.55,5.55,5.55,5.032135,0,0
1/11/2022,5.54,5.54,5.47,5.53,5.014001,16000,0
2/11/2022,5.54,5.54,5.48,5.48,4.968667,400,1
3/11/2022,5.28,6.11,4.61,6,5.440146,8400,1
4/11/2022,8,8.2,7.86,7.86,7.126592,3100,0
7/11/2022,12.24,12.24,6.3,6.3,5.712153,6400,1
8/11/2022,7.97,8.99,7.97,7.97,7.226327,6600,0
9/11/2022,7.96,7.96,7.95,7.96,7.21726,500,1
10/11/2022,8,8.6,8,8.31,7.534603,3400,0
11/11/2022,8.31,8.31,8.31,8.31,7.534603,0,0
14/11/2022,8.25,8.25,4.9,7.64,6.927119,1800,0
15/11/2022,7.26,8,7.26,7.26,6.582577,600,0
16/11/2022,7.26,7.26,7.26,7.26,6.582577,0,1
17/11/2022,8.9,8.9,8.9,8.9,8.06955,700,0
18/11/2022,8.9,8.9,8.9,8.9,8.06955,0,1
21/11/2022,8.95,8.95,8.95,8.95,8.114884,600,1
22/11/2022,8.99,8.99,8.99,8.99,8.151153,1800,0
23/11/2022,8.75,8.75,8.65,8.65,7.842876,500,0
25/11/2022,7.04,7.04,7.04,7.04,6.383105,1700,1
28/11/2022,12.24,12.24,12.24,12.24,11.097898,1100,0
29/11/2022,12.25,12.25,6.91,6.91,6.265234,2300,1
30/11/2022,7.1,12.25,7.1,12.25,11.106964,600,0
1/12/2022,9.01,9.01,4.37,4.37,3.96224,2000,1
2/12/2022,4.69,4.69,4.65,4.65,4.216114,1400,1
5/12/2022,4.75,7.99,4.75,7.91,7.171926,9200,0
6/12/2022,5.09,5.35,5.09,5.35,4.850797,400,1
7/12/2022,5.4,5.4,5.4,5.4,4.896132,400,0
8/12/2022,5.4,5.4,5.4,5.4,4.896132,300,0
9/12/2022,4.58,4.58,4.58,4.58,4.152645,400,0
12/12/2022,4.48,4.48,4.48,4.48,4.061976,300,1
13/12/2022,4.57,4.57,4.57,4.57,4.143578,600,1
14/12/2022,4.66,7,4.66,7,6.346838,2500,1
15/12/2022,4.56,7.21,4.56,7.21,6.537242,800,0
16/12/2022,7.14,7.21,7.14,7.21,6.537242,200,0
19/12/2022,5.06,6.99,4.82,6.99,6.33777,3100,0
20/12/2022,6.26,6.26,4.5,5.71,5.177206,5100,0
21/12/2022,4.71,5.83,4.71,5.03,4.560656,29700,0
22/12/2022,5.03,5.03,5.03,5.03,4.560656,400,0
23/12/2022,4.63,6.82,4.35,4.35,3.944106,5600,1
27/12/2022,4.36,4.55,4.01,4.55,4.125444,3300,0
28/12/2022,4.07,4.07,3.88,3.9,3.536095,6900,0
29/12/2022,3.88,4.37,3.88,3.88,3.517961,7500,0
30/12/2022,3.91,4.54,3.87,3.87,3.508894,6600,0
3/1/2023,3.87,3.87,3.87,3.87,3.508894,500,0
4/1/2023,3.88,4.1,3.86,3.86,3.499827,18200,1
5/1/2023,4.06,4.06,4.06,4.06,3.681165,1900,1
6/1/2023,3.97,4.36,3.86,4.32,3.916905,4400,0
9/1/2023,3.86,4.09,3.86,4.09,3.708366,2300,0
10/1/2023,4.08,4.28,3.86,4.07,3.690233,2400,0
11/1/2023,3.9,4.08,3.9,3.9,3.536095,1100,0
12/1/2023,4.08,4.25,3.87,3.87,3.508894,10600,0
13/1/2023,3.87,3.87,3.87,3.87,3.508894,0,1
17/1/2023,3.99,4.09,3.99,4.09,3.708366,600,0
18/1/2023,3.99,3.99,3.99,3.99,3.617697,400,1
19/1/2023,3.99,4.1,3.87,4.1,3.717433,10600,0
20/1/2023,4.09,4.1,3.88,4,3.626764,1400,0
23/1/2023,4.07,4.2,3.9,3.96,3.590496,3000,0
24/1/2023,4.45,4.45,3.93,3.94,3.572363,1000,1
25/1/2023,4.21,4.26,4.08,4.17,3.780901,2200,0
26/1/2023,4.55,4.55,4.06,4.11,3.7265,1000,0
27/1/2023,4.12,4.27,4.01,4.01,3.635831,5300,0
30/1/2023,4.09,4.2,3.75,3.95,3.581429,201000,1
31/1/2023,4.16,4.17,3.92,4.14,3.753701,4400,0
1/2/2023,4.03,4.14,4.03,4.04,3.663032,2500,1
2/2/2023,4.22,4.54,3.99,4.54,4.116377,2500,0
3/2/2023,4.26,4.54,4.26,4.54,4.116377,3600,0
6/2/2023,4.37,4.52,3.9,3.91,3.545162,33400,1
7/2/2023,3.98,4.07,3.94,4,3.626764,6000,1
8/2/2023,3.99,4.1,3.99,4.1,3.717433,800,0
9/2/2023,4.03,4.07,3.92,3.92,3.554229,2900,1
10/2/2023,4.1,4.1,4.01,4.01,3.635831,3800,0
13/2/2023,3.95,3.98,3.9,3.9,3.536095,4400,1
14/2/2023,3.9,4.01,3.9,4.01,3.635831,1800,0
15/2/2023,3.98,3.98,3.98,3.98,3.60863,200,0
16/2/2023,3.98,3.98,3.98,3.98,3.60863,0,0
17/2/2023,3.91,3.95,3.91,3.95,3.581429,300,0
21/2/2023,3.95,3.95,3.93,3.93,3.563296,700,0
22/2/2023,4,4.12,3.75,3.75,3.400091,1600,1
23/2/2023,3.95,4.12,3.83,3.97,3.599564,2700,0
24/2/2023,3.91,3.91,3.91,3.91,3.545162,300,1
27/2/2023,3.91,4.08,3.86,4.08,3.699299,2700,0
28/2/2023,3.96,3.96,3.94,3.94,3.572363,1400,1
1/3/2023,3.95,3.95,3.95,3.95,3.581429,1000,0
2/3/2023,3.93,3.93,3.67,3.85,3.49076,6400,1
3/3/2023,3.96,3.96,3.84,3.9,3.536095,1700,1
6/3/2023,3.97,3.97,3.91,3.91,3.545162,400,1
7/3/2023,3.97,3.97,3.95,3.95,3.581429,5700,0
8/3/2023,3.9,3.9,3.84,3.89,3.527028,4800,0
9/3/2023,3.97,3.97,3.68,3.72,3.37289,1500,1
10/3/2023,3.62,3.95,3.52,3.95,3.715259,4300,0
13/3/2023,3.55,3.89,3.55,3.72,3.498927,1100,0
14/3/2023,3.53,3.88,3.53,3.71,3.489522,1600,0
15/3/2023,3.71,3.71,3.54,3.54,3.329624,4300,1
16/3/2023,3.78,3.78,3.61,3.61,3.395464,1100,0
17/3/2023,3.7,3.7,3.52,3.53,3.320219,1700,0
20/3/2023,3.77,3.9,3.52,3.52,3.310813,6300,1
21/3/2023,3.52,3.86,3.52,3.86,3.630607,700,0
22/3/2023,3.52,3.57,3.52,3.52,3.310813,3000,1
23/3/2023,3.3,3.71,3.3,3.67,3.451899,1400,0
24/3/2023,3.5,3.67,3.5,3.67,3.451899,800,0
27/3/2023,3.5,3.71,3.5,3.62,3.40487,1400,0
28/3/2023,3.82,3.82,3.51,3.51,3.301407,1300,0
29/3/2023,3.51,3.51,3.51,3.51,3.301407,0,1
30/3/2023,3.83,3.97,3.51,3.74,3.517739,9500,0
31/3/2023,3.74,3.74,3.74,3.74,3.517739,300,1
3/4/2023,3.71,3.86,3.55,3.84,3.611796,9900,0
4/4/2023,3.81,3.81,3.65,3.8,3.574173,2300,1
5/4/2023,3.6,3.98,3.6,3.81,3.583579,1100,0
6/4/2023,3.98,3.98,3.69,3.69,3.47071,4100,1
10/4/2023,3.7,3.7,3.7,3.7,3.480116,600,1
11/4/2023,3.83,3.94,3.83,3.94,3.705853,2300,0
12/4/2023,3.94,3.94,3.78,3.9,3.66823,1500,1
13/4/2023,3.98,4,3.8,4,3.762287,2300,0
14/4/2023,3.85,4,3.8,4,3.762287,5900,0
17/4/2023,4,4,4,4,3.762287,0,0
18/4/2023,3.8,4,3.8,4,3.762287,800,0
19/4/2023,3.8,4,3.8,4,3.762287,700,0
20/4/2023,4,4,4,4,3.762287,0,0
21/4/2023,3.9,3.9,3.8,3.8,3.574173,800,0
24/4/2023,3.85,3.98,3.8,3.8,3.574173,3600,1
25/4/2023,3.87,3.98,3.87,3.98,3.743476,700,0
26/4/2023,3.76,3.96,3.76,3.96,3.724664,1400,0
27/4/2023,3.96,3.96,3.96,3.96,3.724664,0,0
28/4/2023,3.9,3.95,3.78,3.87,3.640013,2400,0
1/5/2023,3.87,3.87,3.87,3.87,3.640013,0,1
2/5/2023,3.96,4,3.78,3.97,3.73407,1300,0
3/5/2023,3.78,4,3.78,3.95,3.715259,2300,0
4/5/2023,3.9,3.9,3.8,3.8,3.574173,600,0
5/5/2023,3.94,4,3.8,3.8,3.574173,900,0
8/5/2023,3.8,3.8,3.8,3.8,3.574173,300,1
9/5/2023,3.9,3.9,3.9,3.9,3.66823,500,1
10/5/2023,4.08,4.08,4.08,4.08,3.837533,200,0
11/5/2023,4.08,4.08,3.8,4.03,3.790505,3000,0
12/5/2023,4.02,4.02,4.02,4.02,3.781099,500,0
15/5/2023,3.8,4.01,3.8,3.92,3.687042,1800,0
16/5/2023,3.92,3.92,3.92,3.92,3.687042,0,1
17/5/2023,4.08,4.08,3.95,4.08,3.837533,1300,1
18/5/2023,4.11,4.11,4.11,4.11,3.86575,200,0
19/5/2023,4.5,4.5,3.82,3.84,3.611796,9600,1
22/5/2023,4.11,4.2,3.92,4.2,3.950402,3700,0
23/5/2023,3.92,4.25,3.92,3.92,3.687042,1300,0
24/5/2023,3.92,3.92,3.92,3.92,3.687042,0,1
25/5/2023,4.07,4.07,4.07,4.07,3.828128,400,0
26/5/2023,4.07,4.07,4.07,4.07,3.828128,0,0
30/5/2023,4,4,4,4,3.762287,500,1
31/5/2023,4,4.09,3.9,4.09,3.846939,1400,0
1/6/2023,4.09,4.09,4.09,4.09,3.846939,0,1
2/6/2023,3.9,4.1,3.9,4.1,3.856345,1000,1
5/6/2023,4.28,4.28,4.28,4.28,4.025648,200,0
6/6/2023,4.28,4.28,4.28,4.28,4.025648,0,0
7/6/2023,4.12,4.12,4.05,4.05,3.809316,1200,0
8/6/2023,3.95,3.95,3.95,3.95,3.715259,400,1
9/6/2023,3.96,3.96,3.96,3.96,3.724664,500,0
12/6/2023,3.99,4.12,3.86,3.86,3.630607,1100,1
13/6/2023,4.27,4.27,4.27,4.27,4.016242,200,0
14/6/2023,4.27,4.27,4.27,4.27,4.016242,0,0
15/6/2023,3.86,4.06,3.86,4.06,3.818722,400,1
16/6/2023,4.25,4.25,4.25,4.25,3.99743,200,0
20/6/2023,3.86,3.86,3.86,3.86,3.630607,500,1
21/6/2023,3.86,4.31,3.86,4,3.762287,8500,1
22/6/2023,4.3,4.3,4.3,4.3,4.044459,400,0
23/6/2023,4.29,4.29,4.08,4.29,4.035053,9200,0
26/6/2023,4.08,4.08,4.08,4.08,3.837533,1100,0
27/6/2023,3.89,4.02,3.5,4.02,3.781099,5700,0
28/6/2023,4.02,4.02,4.02,4.02,3.781099,0,0
29/6/2023,3.68,3.81,3.5,3.8,3.574173,4700,0
30/6/2023,3.68,3.68,3.68,3.68,3.461304,500,0
3/7/2023,3.69,3.78,3.68,3.68,3.461304,1300,1
5/7/2023,3.42,3.71,3.42,3.71,3.489522,22400,0
6/7/2023,3.62,3.66,3.52,3.66,3.442493,1400,0
7/7/2023,3.64,3.64,3.64,3.64,3.423681,300,1
10/7/2023,3.62,3.76,3.52,3.7,3.480116,27800,0
11/7/2023,3.7,3.7,3.7,3.7,3.480116,200,1
12/7/2023,3.88,3.95,3.54,3.77,3.545956,1700,1
13/7/2023,3.99,4,3.99,4,3.762287,900,0
14/7/2023,3.83,3.83,3.83,3.83,3.60239,300,1
17/7/2023,4.02,4.02,3.94,3.94,3.705853,1000,1
18/7/2023,3.94,4,3.94,4,3.762287,400,0
19/7/2023,3.97,4,3.97,4,3.762287,500,0
20/7/2023,4,4,3.95,3.95,3.715259,700,0
21/7/2023,3.96,3.96,3.95,3.95,3.715259,700,0
24/7/2023,3.95,3.95,3.81,3.81,3.583579,500,1
25/7/2023,3.81,4.02,3.81,4.02,3.781099,600,0
26/7/2023,4.02,4.02,3.81,3.92,3.687042,1000,0
27/7/2023,3.81,3.92,3.81,3.92,3.687042,700,0
28/7/2023,3.85,3.92,3.85,3.92,3.687042,300,0
31/7/2023,3.89,3.89,3.8,3.8,3.574173,1400,0
1/8/2023,3.8,3.8,3.8,3.8,3.574173,400,1
2/8/2023,3.84,3.84,3.84,3.84,3.611796,1900,0
3/8/2023,3.98,3.98,3.55,3.82,3.592984,5900,0
4/8/2023,3.8,3.8,3.8,3.8,3.574173,400,1
7/8/2023,3.98,3.98,3.75,3.82,3.592984,900,0
8/8/2023,3.98,3.98,3.77,3.77,3.545956,400,1
9/8/2023,3.77,3.84,3.77,3.84,3.611796,600,1
10/8/2023,3.98,3.98,3.98,3.98,3.743476,400,1
11/8/2023,3.91,3.99,3.75,3.99,3.752882,700,0
14/8/2023,3.99,4,3.78,3.93,3.696447,7900,1
15/8/2023,4.1,5.7,3.97,5.7,5.361259,6400,0
16/8/2023,4.35,5.64,4.35,4.47,4.204356,4300,1
17/8/2023,5.45,5.45,5.45,5.45,5.126117,200,0
18/8/2023,5.45,5.45,5.45,5.45,5.126117,300,0
21/8/2023,4.56,4.56,4.56,4.56,4.289007,500,1
22/8/2023,5.35,5.35,5.35,5.35,5.032059,2900,0
23/8/2023,4.36,4.7,3.73,4.7,4.420688,1300,0
24/8/2023,3.99,4.46,3.99,4.46,4.194951,900,0
25/8/2023,4.08,4.08,4.08,4.08,3.837533,700,0
28/8/2023,4.45,4.45,4.07,4.07,3.828128,1100,1
29/8/2023,4.08,4.08,4.08,4.08,3.837533,1000,0
30/8/2023,4.08,4.08,4.08,4.08,3.837533,0,0
31/8/2023,4.08,4.08,4.08,4.08,3.837533,0,0
1/9/2023,4.08,4.08,4.08,4.08,3.837533,2900,1
5/9/2023,4.94,4.94,3.78,4.92,4.627614,7200,0
6/9/2023,4.92,4.92,4.92,4.92,4.627614,0,0
7/9/2023,4.29,4.29,3.95,3.95,3.715259,500,1
8/9/2023,3.77,4.73,3.77,4.73,4.448905,1900,0
11/9/2023,3.7,3.7,3.7,3.7,3.480116,900,1
12/9/2023,4.14,4.14,3.82,3.82,3.592984,1200,0
13/9/2023,3.68,3.79,3.68,3.79,3.564767,900,0
14/9/2023,3.52,3.6,3.52,3.52,3.423733,1400,1
15/9/2023,3.67,3.67,3.67,3.67,3.569631,200,0
18/9/2023,4,4.34,3.65,3.65,3.550178,700,1
19/9/2023,3.93,4.2,3.66,3.66,3.559904,2000,1
20/9/2023,3.72,3.72,3.72,3.72,3.618263,200,1
21/9/2023,3.8,3.8,3.8,3.8,3.696075,200,1
22/9/2023,3.9,4.12,3.62,4.06,3.948964,4400,0
25/9/2023,3.82,3.9,3.62,3.63,3.530725,6400,1
26/9/2023,4.01,4.19,3.76,4.19,4.075409,2400,0
27/9/2023,3.71,4.07,3.71,4.07,3.958691,1300,0
28/9/2023,4.07,4.07,4.07,4.07,3.958691,0,0
29/9/2023,4.07,4.07,4.07,4.07,3.958691,0,0
2/10/2023,4.07,4.07,4.07,4.07,3.958691,0,0
3/10/2023,3.84,3.84,3.72,3.72,3.618263,4600,0
4/10/2023,3.71,3.72,3.71,3.72,3.618263,400,0
5/10/2023,3.64,3.64,3.53,3.58,3.482092,9500,0
6/10/2023,3.52,3.52,3.5,3.52,3.423733,800,1
9/10/2023,3.75,3.88,3.52,3.88,3.773887,7300,0
10/10/2023,3.74,3.74,3.74,3.74,3.637716,300,0
11/10/2023,3.74,3.74,3.74,3.74,3.637716,300,1
12/10/2023,3.53,3.96,3.2,3.96,3.851699,9600,0
13/10/2023,3.63,3.82,3.55,3.82,3.715528,2600,0
16/10/2023,3.56,3.78,3.56,3.78,3.676622,700,0
17/10/2023,3.76,3.76,3.36,3.76,3.657169,2300,0
18/10/2023,3.52,3.7,3.52,3.7,3.59881,1000,0
19/10/2023,3.32,3.55,3.32,3.32,3.229203,1000,0
20/10/2023,3.31,3.31,3.26,3.26,3.170843,300,1
23/10/2023,3.5,3.75,3.27,3.51,3.414006,1900,1
24/10/2023,3.7,3.74,3.31,3.52,3.423733,11600,1
25/10/2023,3.55,3.55,3.55,3.55,3.452912,600,1
26/10/2023,3.62,3.62,3.62,3.62,3.520998,400,0
27/10/2023,3.78,3.78,3.55,3.55,3.452912,800,0
30/10/2023,3.55,3.55,3.55,3.55,3.452912,0,1
31/10/2023,3.78,9.1,3.78,6.7,6.516764,152700,1
1/11/2023,7.01,7.37,6.52,7,6.808559,23500,0
2/11/2023,4.79,6.5,4.79,6.4,6.224969,5300,0
3/11/2023,6.2,6.2,6.2,6.2,6.030438,400,0
6/11/2023,5.75,6,5.26,6,5.835908,19400,1
7/11/2023,5.36,6.5,5.36,6.5,6.322234,5900,0
8/11/2023,6.38,6.7,5.75,6.22,6.049891,1700,1
9/11/2023,6.22,6.6,5.83,6.32,6.147157,1800,1
10/11/2023,6.88,6.88,5.95,6.78,6.594576,700,0
13/11/2023,7,7,6,6.38,6.205516,4600,1
14/11/2023,6.02,6.7,6.02,6.7,6.516764,1000,0
15/11/2023,6.5,6.7,6.5,6.7,6.516764,2200,0
16/11/2023,6.65,6.8,6.08,6.08,5.91372,900,1
17/11/2023,6.12,6.45,4.64,6.45,6.273601,1100,0
20/11/2023,4.28,4.28,4.28,4.28,4.162948,800,1
21/11/2023,4.56,6.5,4.48,6.39,6.215242,4500,0
22/11/2023,6.57,6.57,6.3,6.3,6.127704,800,1
24/11/2023,6.8,6.8,4.42,6.64,6.458405,700,1
27/11/2023,6.8,6.8,6.8,6.8,6.614029,1700,0
28/11/2023,4.16,4.84,4.16,4.84,4.707633,400,0
29/11/2023,4.84,4.84,4.84,4.84,4.707633,0,1
30/11/2023,6.3,6.3,6.3,6.3,6.127704,800,0
1/12/2023,4.04,6.1,4.04,6.1,5.933173,600,1
4/12/2023,4.1,6.5,4.1,6.28,6.108251,1600,0
5/12/2023,6.5,6.5,4.31,5.98,5.816455,8300,1
6/12/2023,6.36,6.5,6.36,6.5,6.322234,700,0
7/12/2023,6.5,6.5,6.5,6.5,6.322234,0,1
8/12/2023,4.55,6.8,4.55,6.8,6.614029,700,0
11/12/2023,4.82,6.5,4.82,6.5,6.322234,700,0
12/12/2023,4.3,6.5,4.3,6.5,6.322234,1200,1
13/12/2023,6.61,6.61,6.5,6.55,6.370867,2400,0
14/12/2023,4.59,6.5,4.59,6.41,6.234695,4900,1
15/12/2023,6.8,6.8,4.39,6.5,6.322234,1100,0
18/12/2023,4.61,5.9,4.61,5.9,5.738643,400,0
19/12/2023,4.35,4.35,4.35,4.35,4.231033,600,1
20/12/2023,6.64,6.64,4.61,4.62,4.493649,1200,0
21/12/2023,6.46,6.46,4.3,4.31,4.192127,700,1
22/12/2023,4.51,6.1,4.51,6.1,5.933173,600,0
26/12/2023,6.1,6.1,6.1,6.1,5.933173,0,0
27/12/2023,6.54,6.54,4.75,4.75,4.620094,1700,1
28/12/2023,4.68,5.04,4.68,5.04,4.902163,600,0
29/12/2023,5.04,5.04,5.04,5.04,4.902163,0,0
2/1/2024,4.94,4.94,4.94,4.94,4.804898,400,1
3/1/2024,6.7,6.7,4.14,6.65,6.468132,2700,1
4/1/2024,6.79,6.79,4.67,6.79,6.604303,800,0
5/1/2024,4.38,6.47,4.38,6.34,6.16661,900,0
8/1/2024,6.8,6.8,4.43,4.46,4.338025,600,1
9/1/2024,4.53,4.58,4.53,4.58,4.454743,1500,1
10/1/2024,4.7,6.32,4.7,6.32,6.147157,1100,1
11/1/2024,4.39,6.5,4.39,6.5,6.322234,700,0
12/1/2024,4.44,6.67,4.44,6.2,6.030438,1400,0
16/1/2024,4.69,4.77,4.6,4.65,4.522829,11000,1
17/1/2024,4.6,6.05,4.6,6.05,5.884541,2400,0
18/1/2024,4.37,4.37,4.37,4.37,4.250486,300,0
19/1/2024,4.37,4.37,4.37,4.37,4.250486,0,1
22/1/2024,4.92,4.92,4.42,4.56,4.43529,1100,0
23/1/2024,4.59,4.59,4.37,4.37,4.250486,400,1
24/1/2024,4.7,4.87,4.59,4.63,4.503376,1600,0
25/1/2024,4.63,4.63,4.63,4.63,4.503376,300,0
26/1/2024,4.98,4.98,4.42,4.56,4.43529,400,0
29/1/2024,4.39,4.52,4.39,4.52,4.396384,300,0
30/1/2024,4.36,5.26,4.15,4.15,4.036503,900,0
31/1/2024,4.15,4.15,4.15,4.15,4.036503,0,1
1/2/2024,5.22,5.22,4.22,4.22,4.104589,500,0
2/2/2024,4.22,4.22,4.22,4.22,4.104589,0,1
5/2/2024,4.26,4.92,4.26,4.27,4.153221,2400,1
6/2/2024,4.4,6.39,4.34,6.39,6.215242,2200,0
7/2/2024,4.56,6.4,4.55,4.55,4.425564,2100,1
8/2/2024,4.3,5.82,4.3,5.82,5.660831,1200,0
9/2/2024,5.73,5.73,5.73,5.73,5.573292,600,0
12/2/2024,4.34,5.69,4.34,5.1,4.960522,600,0
13/2/2024,4.34,5.46,4.34,4.91,4.775718,1900,1
14/2/2024,4.35,5.5,4.35,5.5,5.349583,800,0
15/2/2024,4.36,4.5,4.36,4.5,4.376931,1400,1
16/2/2024,5.65,5.65,4.38,5.49,5.339856,1600,1
20/2/2024,5.99,5.99,5.74,5.74,5.583019,500,1
21/2/2024,4.36,5.87,4.36,5.87,5.709464,700,0
22/2/2024,4.52,4.52,4.52,4.52,4.396384,500,1
23/2/2024,4.44,5.87,4.44,5.87,5.709464,1300,0
26/2/2024,5.87,5.87,5.87,5.87,5.709464,0,0
27/2/2024,5.87,5.87,5.87,5.87,5.709464,0,0
28/2/2024,5.49,5.49,5.49,5.49,5.339856,500,0
29/2/2024,5.49,5.49,4.34,4.4,4.279666,1300,0
1/3/2024,5.37,5.37,4.35,4.35,4.231033,500,0
4/3/2024,4.35,4.35,4.35,4.35,4.231033,100,0
5/3/2024,4.68,4.68,4.34,4.34,4.221307,8700,1
6/3/2024,5.06,5.06,4.62,4.62,4.493649,1300,0
7/3/2024,4.37,4.99,4.16,4.38,4.260213,23300,0
8/3/2024,4.33,4.33,4.33,4.33,4.21158,400,1
11/3/2024,4.32,4.58,4.32,4.58,4.454743,800,1
12/3/2024,4.75,4.79,4.57,4.79,4.659,400,1
13/3/2024,4.67,4.67,4.67,4.67,4.67,1700,0
14/3/2024,4.74,4.75,4.3,4.3,4.3,900,0
15/3/2024,4.55,4.55,4.19,4.24,4.24,3100,1
18/3/2024,4.67,4.67,4.2,4.25,4.25,1300,0
19/3/2024,4.68,4.68,4.2,4.2,4.2,1300,1
20/3/2024,4.35,4.39,4.16,4.33,4.33,2400,0
21/3/2024,4.66,4.66,4.17,4.17,4.17,800,0
22/3/2024,4.16,4.57,4.16,4.17,4.17,900,1
25/3/2024,4.17,4.57,4.17,4.57,4.57,900,0
26/3/2024,4.5,4.5,4.17,4.35,4.35,1600,0
27/3/2024,4.17,4.46,4.16,4.16,4.16,500,0
28/3/2024,4.29,4.29,4.15,4.15,4.15,1100,1
1/4/2024,4.26,4.26,4.26,4.26,4.26,600,1
2/4/2024,4.8,4.8,4.26,4.42,4.42,1000,1
3/4/2024,3.82,4.75,3.82,4.75,4.75,2200,0
4/4/2024,4.67,4.89,4.19,4.19,4.19,700,1
5/4/2024,4.43,4.7,4.25,4.25,4.25,700,1
8/4/2024,4.43,4.43,4.43,4.43,4.43,400,0
9/4/2024,4.43,4.43,4.43,4.43,4.43,900,1
10/4/2024,4.6,4.6,4.48,4.48,4.48,1400,1
11/4/2024,4.47,4.5,4.47,4.5,4.5,500,1
12/4/2024,4.52,4.52,4.52,4.52,4.52,400,0
15/4/2024,4.5,4.5,4.5,4.5,4.5,400,0
16/4/2024,4.5,4.5,4.5,4.5,4.5,0,0
17/4/2024,4.42,4.76,4.42,4.42,4.42,900,1
18/4/2024,4.82,4.82,4.66,4.66,4.66,1400,0
19/4/2024,4.66,4.66,4.66,4.66,4.66,0,0
22/4/2024,5.27,5.27,4.44,4.44,4.44,600,0
23/4/2024,4.42,4.42,4.42,4.42,4.42,400,0
24/4/2024,4.42,4.42,4.42,4.42,4.42,0,0
25/4/2024,4.42,4.42,4.42,4.42,4.42,0,1
26/4/2024,4.68,4.68,4.68,4.68,4.68,400,0
29/4/2024,4.42,4.42,4.42,4.42,4.42,581,0
